fy.year	Sw_amt_percentile	average_salary	min_salary
2003-04	1	279.39	1
2004-05	1	324.55	1
2005-06	1	333.8	1
2006-07	1	378.65	1
2007-08	1	340.09	4
2008-09	1	408.85	2
2009-10	1	423.19	1
2010-11	1	434.19	1
2011-12	1	494.47	1
2012-13	1	523.85	1
2013-14	1	508.86	1
2014-15	1	522.93	96
2015-16	1	525.8	387
2016-17	1	481.46	181
2003-04	2	870.25	551
2004-05	2	907.64	625
2005-06	2	963.1	662
2006-07	2	1040.82	734
2007-08	2	945.32	662
2008-09	2	1191.64	821
2009-10	2	1257.13	875
2010-11	2	1316.21	903
2011-12	2	1493.62	1022
2012-13	2	1581.92	1063
2013-14	2	1457.99	1008
2014-15	2	1480.42	524
2015-16	2	1494.99	526
2016-17	2	1373.05	482
2003-04	3	1454.51	1153
2004-05	3	1498.14	1209
2005-06	3	1556.27	1249
2006-07	3	1661.29	1340
2007-08	3	1561.45	1235
2008-09	3	1974.29	1585
2009-10	3	2113.06	1688
2010-11	3	2206.99	1772
2011-12	3	2432.41	1980
2012-13	3	2697.93	2140
2013-14	3	2501.63	1949
2014-15	3	2550.65	2014
2015-16	3	2544.7	2019
2016-17	3	2419.37	1866
2003-04	4	2032.67	1745
2004-05	4	2112	1810
2005-06	4	2158.41	1848
2006-07	4	2306.58	1981
2007-08	4	2190.78	1881
2008-09	4	2748.37	2368
2009-10	4	2933.44	2526
2010-11	4	3037.06	2628
2011-12	4	3352.59	2880
2012-13	4	3784.45	3256
2013-14	4	3589.98	3061
2014-15	4	3623.12	3095
2015-16	4	3623.81	3078
2016-17	4	3527.2	2977
2003-04	5	2625.36	2323
2004-05	5	2706.54	2407
2005-06	5	2767	2469
2006-07	5	2941.25	2624
2007-08	5	2808.2	2499
2008-09	5	3510.84	3117
2009-10	5	3726.39	3331
2010-11	5	3865.27	3469
2011-12	5	4293.67	3828
2012-13	5	4794.24	4318
2013-14	5	4611	4102
2014-15	5	4669.63	4167
2015-16	5	4672.52	4156
2016-17	5	4599.97	4077
2003-04	6	3186.38	2915
2004-05	6	3308.67	3005
2005-06	6	3381.14	3076
2006-07	6	3575.94	3256
2007-08	6	3422.99	3106
2008-09	6	4273.29	3894
2009-10	6	4528.58	4119
2010-11	6	4684.44	4306
2011-12	6	5140.65	4719
2012-13	6	5774.04	5280
2013-14	6	5565.67	5092
2014-15	6	5621.3	5151
2015-16	6	5661.24	5163
2016-17	6	5578.19	5069
2003-04	7	3751.66	3469
2004-05	7	3876.54	3604
2005-06	7	3989.5	3691
2006-07	7	4188.13	3888
2007-08	7	4062.06	3748
2008-09	7	4961.07	4618
2009-10	7	5303.47	4926
2010-11	7	5459.77	5075
2011-12	7	5977.22	5540
2012-13	7	6804.73	6302
2013-14	7	6587.49	6042
2014-15	7	6649.54	6124
2015-16	7	6706.02	6156
2016-17	7	6648.64	6094
2003-04	8	4332.85	4034
2004-05	8	4448.8	4159
2005-06	8	4579.86	4280
2006-07	8	4773.29	4490
2007-08	8	4688.62	4372
2008-09	8	5698.59	5343
2009-10	8	6023.34	5657
2010-11	8	6275.74	5861
2011-12	8	6866.31	6410
2012-13	8	7797.98	7303
2013-14	8	7646.19	7112
2014-15	8	7717.47	7184
2015-16	8	7801.8	7242
2016-17	8	7738.95	7200
2003-04	9	4854.64	4600
2004-05	9	4999.01	4732
2005-06	9	5170.94	4867
2006-07	9	5365.25	5064
2007-08	9	5315.26	5000
2008-09	9	6442.45	6056
2009-10	9	6814.57	6424
2010-11	9	7123.93	6705
2011-12	9	7764.62	7330
2012-13	9	8817.64	8303
2013-14	9	8734.86	8185
2014-15	9	8768.87	8237
2015-16	9	8904.36	8353
2016-17	9	8836.69	8285
2003-04	10	5383.28	5128
2004-05	10	5544.27	5278
2005-06	10	5760.81	5480
2006-07	10	5969.12	5652
2007-08	10	5907.9	5604
2008-09	10	7220.08	6833
2009-10	10	7582.53	7200
2010-11	10	7978.02	7554
2011-12	10	8666.63	8207
2012-13	10	9817.7	9321
2013-14	10	9770.17	9272
2014-15	10	9810.6	9293
2015-16	10	9962.98	9432
2016-17	10	9941.51	9400
2003-04	11	5880.51	5616
2004-05	11	6109.5	5811
2005-06	11	6372.06	6051
2006-07	11	6600.08	6303
2007-08	11	6565.94	6246
2008-09	11	8001.84	7595
2009-10	11	8366.45	7968
2010-11	11	8853.8	8435
2011-12	11	9586.84	9124
2012-13	11	10783.61	10306
2013-14	11	10763.07	10268
2014-15	11	10825.95	10330
2015-16	11	10999.45	10508
2016-17	11	10984.98	10489
2003-04	12	6444.52	6155
2004-05	12	6721.38	6409
2005-06	12	7004.67	6684
2006-07	12	7268.43	6926
2007-08	12	7247.3	6912
2008-09	12	8777.81	8388
2009-10	12	9146.92	8762
2010-11	12	9709.93	9278
2011-12	12	10504.4	10017
2012-13	12	11721.87	11264
2013-14	12	11741.57	11252
2014-15	12	11801.75	11291
2015-16	12	12031.32	11510
2016-17	12	12018.57	11473
2003-04	13	7041.33	6735
2004-05	13	7353.43	7041
2005-06	13	7705.99	7360
2006-07	13	7964.2	7617
2007-08	13	7983.44	7606
2008-09	13	9580.22	9182
2009-10	13	9943.56	9549
2010-11	13	10583.9	10132
2011-12	13	11393.09	10954
2012-13	13	12676.16	12188
2013-14	13	12718.66	12226
2014-15	13	12815.66	12314
2015-16	13	13046.23	12548
2016-17	13	13062.52	12571
2003-04	14	7670.3	7351
2004-05	14	8020.68	7681
2005-06	14	8418.42	8075
2006-07	14	8688.83	8320
2007-08	14	8742.53	8368
2008-09	14	10391.1	9985
2009-10	14	10749.7	10348
2010-11	14	11452.73	11016
2011-12	14	12300.93	11837
2012-13	14	13674.38	13184
2013-14	14	13753.1	13236
2014-15	14	13857.56	13354
2015-16	14	14074.36	13575
2016-17	14	14076.23	13564
2003-04	15	8304.66	7983
2004-05	15	8703.14	8351
2005-06	15	9130.48	8767
2006-07	15	9397.41	9050
2007-08	15	9489.98	9120
2008-09	15	11175.63	10790
2009-10	15	11578.16	11174
2010-11	15	12306.72	11894
2011-12	15	13201.73	12751
2012-13	15	14619.67	14151
2013-14	15	14752.19	14258
2014-15	15	14847.48	14352
2015-16	15	15112.43	14590
2016-17	15	15127.47	14595
2003-04	16	8966.05	8640
2004-05	16	9368.87	9046
2005-06	16	9830.91	9475
2006-07	16	10093.51	9743
2007-08	16	10222.45	9860
2008-09	16	11953.85	11569
2009-10	16	12416.34	12002
2010-11	16	13235.92	12766
2011-12	16	14071.96	13645
2012-13	16	15591.28	15102
2013-14	16	15743.32	15251
2014-15	16	15871.25	15357
2015-16	16	16168.4	15639
2016-17	16	16190.48	15663
2003-04	17	9643.5	9305
2004-05	17	10102.71	9741
2005-06	17	10562.03	10195
2006-07	17	10815.01	10463
2007-08	17	10976.04	10601
2008-09	17	12756.92	12364
2009-10	17	13273.97	12849
2010-11	17	14151.22	13695
2011-12	17	14948.9	14508
2012-13	17	16528.21	16061
2013-14	17	16674.02	16217
2014-15	17	16813.62	16362
2015-16	17	17146.43	16671
2016-17	17	17194.08	16709
2003-04	18	10318.87	9968
2004-05	18	10813.5	10467
2005-06	18	11294.63	10928
2006-07	18	11569.85	11187
2007-08	18	11764.01	11369
2008-09	18	13554.27	13145
2009-10	18	14113.44	13697
2010-11	18	15033.02	14585
2011-12	18	15882.84	15412
2012-13	18	17475.53	17000
2013-14	18	17605.69	17136
2014-15	18	17777.5	17278
2015-16	18	18136.72	17647
2016-17	18	18196.34	17700
2003-04	19	10992.69	10661
2004-05	19	11513.65	11160
2005-06	19	12066.23	11673
2006-07	19	12309.61	11943
2007-08	19	12557.56	12164
2008-09	19	14368.8	13950
2009-10	19	14937.14	14523
2010-11	19	15926.56	15467
2011-12	19	16771.94	16326
2012-13	19	18417.11	17960
2013-14	19	18542.43	18100
2014-15	19	18723.51	18271
2015-16	19	19081.41	18602
2016-17	19	19173.29	18694
2003-04	20	11671.01	11338
2004-05	20	12236.19	11880
2005-06	20	12797.6	12426
2006-07	20	13068.52	12687
2007-08	20	13337.03	12939
2008-09	20	15161.2	14776
2009-10	20	15774.41	15337
2010-11	20	16812.07	16382
2011-12	20	17668.42	17205
2012-13	20	19337.78	18878
2013-14	20	19417.59	18976
2014-15	20	19656.65	19197
2015-16	20	20028.88	19551
2016-17	20	20180.72	19651
2003-04	21	12347.35	11989
2004-05	21	12970.45	12605
2005-06	21	13567.89	13177
2006-07	21	13841.52	13454
2007-08	21	14114.62	13711
2008-09	21	15940.55	15533
2009-10	21	16557.33	16149
2010-11	21	17667.18	17265
2011-12	21	18588.3	18132
2012-13	21	20271.31	19803
2013-14	21	20352.21	19876
2014-15	21	20612.7	20132
2015-16	21	21032.3	20527
2016-17	21	21207.12	20703
2003-04	22	13059.84	12720
2004-05	22	13732.24	13351
2005-06	22	14285.69	13938
2006-07	22	14577.28	14215
2007-08	22	14913.25	14533
2008-09	22	16758.74	16365
2009-10	22	17362.17	16935
2010-11	22	18505.53	18087
2011-12	22	19513.86	19039
2012-13	22	21214.2	20758
2013-14	22	21285.45	20819
2014-15	22	21548.9	21094
2015-16	22	21950.68	21506
2016-17	22	22188.34	21698
2003-04	23	13730.2	13401
2004-05	23	14425.71	14075
2005-06	23	15071.46	14661
2006-07	23	15360.73	14953
2007-08	23	15699.94	15305
2008-09	23	17589.38	17174
2009-10	23	18208.25	17769
2010-11	23	19359.64	18918
2011-12	23	20419.1	19970
2012-13	23	22114.75	21667
2013-14	23	22203.62	21744
2014-15	23	22468.85	22006
2015-16	23	22877.92	22403
2016-17	23	23152.34	22674
2003-04	24	14412.09	14067
2004-05	24	15144.69	14790
2005-06	24	15807.22	15454
2006-07	24	16160.4	15783
2007-08	24	16463.8	16074
2008-09	24	18407.22	17998
2009-10	24	19047.85	18634
2010-11	24	20236.15	19820
2011-12	24	21328.35	20861
2012-13	24	23017.39	22577
2013-14	24	23134.21	22673
2014-15	24	23409.8	22934
2015-16	24	23873.36	23377
2016-17	24	24117.83	23624
2003-04	25	15105.94	14768
2004-05	25	15867.12	15492
2005-06	25	16519.93	16166
2006-07	25	16925.4	16534
2007-08	25	17255.1	16852
2008-09	25	19191.01	18807
2009-10	25	19863.89	19458
2010-11	25	21121.12	20680
2011-12	25	22223.5	21772
2012-13	25	23914.41	23466
2013-14	25	24066.66	23604
2014-15	25	24365.69	23900
2015-16	25	24850.21	24362
2016-17	25	25107.68	24604
2003-04	26	15832.14	15480
2004-05	26	16584.86	16239
2005-06	26	17251.29	16867
2006-07	26	17715.44	17321
2007-08	26	18039.4	17652
2008-09	26	19999.78	19571
2009-10	26	20708	20278
2010-11	26	22005.06	21585
2011-12	26	23154.5	22695
2012-13	26	24822.77	24355
2013-14	26	25015.03	24535
2014-15	26	25309.72	24831
2015-16	26	25835.18	25352
2016-17	26	26114.53	25610
2003-04	27	16506.56	16181
2004-05	27	17305.02	16938
2005-06	27	18003.81	17636
2006-07	27	18485.02	18103
2007-08	27	18782.68	18410
2008-09	27	20824.39	20413
2009-10	27	21533.26	21104
2010-11	27	22878.26	22456
2011-12	27	24052.42	23599
2012-13	27	25758.25	25307
2013-14	27	25944.36	25481
2014-15	27	26285.84	25793
2015-16	27	26814.55	26319
2016-17	27	27141.75	26635
2003-04	28	17176.07	16839
2004-05	28	18052.45	17691
2005-06	28	18750.13	18380
2006-07	28	19221.78	18849
2007-08	28	19543.62	19168
2008-09	28	21623.84	21217
2009-10	28	22350.45	21950
2010-11	28	23750.42	23318
2011-12	28	24966.13	24519
2012-13	28	26647.48	26205
2013-14	28	26888.24	26406
2014-15	28	27252.42	26798
2015-16	28	27760.45	27302
2016-17	28	28133.47	27638
2003-04	29	17875.51	17533
2004-05	29	18755.12	18410
2005-06	29	19439.65	19099
2006-07	29	19992.22	19604
2007-08	29	20363.31	19956
2008-09	29	22424.7	22031
2009-10	29	23215.15	22751
2010-11	29	24656.29	24214
2011-12	29	25906.36	25436
2012-13	29	27531.11	27091
2013-14	29	27846.11	27369
2014-15	29	28185.46	27720
2015-16	29	28710.82	28208
2016-17	29	29146.09	28641
2003-04	30	18544.77	18200
2004-05	30	19426.02	19098
2005-06	30	20134.39	19779
2006-07	30	20777.7	20375
2007-08	30	21162.18	20746
2008-09	30	23219.69	22815
2009-10	30	24063	23670
2010-11	30	25532.22	25099
2011-12	30	26819.51	26365
2012-13	30	28442.35	27983
2013-14	30	28797.44	28328
2014-15	30	29168.54	28650
2015-16	30	29717.55	29209
2016-17	30	30155.39	29649
2003-04	31	19206.55	18872
2004-05	31	20115.85	19780
2005-06	31	20845.33	20486
2006-07	31	21545.22	21162
2007-08	31	21958.41	21574
2008-09	31	24008.34	23621
2009-10	31	24873.76	24456
2010-11	31	26432.32	25976
2011-12	31	27689.55	27256
2012-13	31	29341.63	28897
2013-14	31	29747.54	29263
2014-15	31	30157.13	29675
2015-16	31	30692.19	30205
2016-17	31	31181.26	30682
2003-04	32	19878.45	19532
2004-05	32	20829.27	20465
2005-06	32	21566.61	21210
2006-07	32	22329.2	21943
2007-08	32	22760.65	22344
2008-09	32	24797.26	24395
2009-10	32	25707.22	25277
2010-11	32	27305	26857
2011-12	32	28574.36	28126
2012-13	32	30232.88	29770
2013-14	32	30718.23	30236
2014-15	32	31119.51	30639
2015-16	32	31675.84	31188
2016-17	32	32159.92	31675
2003-04	33	20553.23	20231
2004-05	33	21545.15	21195
2005-06	33	22286.61	21917
2006-07	33	23042.28	22690
2007-08	33	23564.85	23171
2008-09	33	25600.69	25182
2009-10	33	26527.39	26112
2010-11	33	28158.23	27738
2011-12	33	29461.08	29011
2012-13	33	31161.54	30701
2013-14	33	31639.06	31196
2014-15	33	32071.11	31590
2015-16	33	32640.25	32171
2016-17	33	33143.99	32653
2003-04	34	21250.62	20903
2004-05	34	22221.72	21885
2005-06	34	22974.17	22629
2006-07	34	23754.19	23400
2007-08	34	24350.14	23973
2008-09	34	26416.06	26026
2009-10	34	27327.56	26938
2010-11	34	28988.31	28564
2011-12	34	30343.22	29918
2012-13	34	32033.33	31609
2013-14	34	32530.11	32084
2014-15	34	32978.92	32537
2015-16	34	33582.14	33119
2016-17	34	34099.53	33635
2003-04	35	21905.45	21572
2004-05	35	22882.44	22557
2005-06	35	23670.42	23321
2006-07	35	24488.16	24114
2007-08	35	25116.12	24718
2008-09	35	27185.15	26819
2009-10	35	28120.4	27714
2010-11	35	29847.76	29431
2011-12	35	31213.62	30786
2012-13	35	32870.41	32450
2013-14	35	33429.11	32974
2014-15	35	33869.38	33423
2015-16	35	34528.3	34053
2016-17	35	35046.67	34575
2003-04	36	22559.98	22238
2004-05	36	23573.83	23221
2005-06	36	24352.65	24008
2006-07	36	25200.02	24848
2007-08	36	25877.15	25507
2008-09	36	27944.65	27544
2009-10	36	28941.14	28520
2010-11	36	30676.05	30264
2011-12	36	32068.34	31641
2012-13	36	33727.15	33290
2013-14	36	34327.82	33886
2014-15	36	34776.14	34321
2015-16	36	35462.4	34999
2016-17	36	36010.94	35531
2003-04	37	23223.62	22892
2004-05	37	24272.03	23918
2005-06	37	25046.06	24689
2006-07	37	25911.5	25548
2007-08	37	26644.16	26255
2008-09	37	28721.62	28347
2009-10	37	29791.5	29390
2010-11	37	31464.56	31074
2011-12	37	32903	32501
2012-13	37	34582.08	34150
2013-14	37	35197.84	34762
2014-15	37	35710.59	35246
2015-16	37	36363.41	35933
2016-17	37	36953.99	36486
2003-04	38	23908.38	23572
2004-05	38	24934.35	24607
2005-06	38	25755.24	25414
2006-07	38	26654.7	26287
2007-08	38	27376.72	27026
2008-09	38	29463.31	29096
2009-10	38	30582.51	30194
2010-11	38	32264.37	31862
2011-12	38	33714.11	33308
2012-13	38	35430.42	35005
2013-14	38	36040.24	35615
2014-15	38	36617.41	36168
2015-16	38	37250.12	36785
2016-17	38	37863.95	37418
2003-04	39	24584.34	24257
2004-05	39	25592.59	25262
2005-06	39	26459.91	26099
2006-07	39	27317.81	27009
2007-08	39	28105.25	27732
2008-09	39	30210.8	29826
2009-10	39	31373.34	30979
2010-11	39	33033.03	32662
2011-12	39	34516.49	34118
2012-13	39	36260.04	35843
2013-14	39	36883.85	36470
2014-15	39	37483.6	37061
2015-16	39	38173.47	37714
2016-17	39	38773.07	38316
2003-04	40	25227.72	24908
2004-05	40	26238.13	25915
2005-06	40	27132.8	26801
2006-07	40	27983.96	27645
2007-08	40	28823.92	28455
2008-09	40	30953.24	30582
2009-10	40	32111.98	31752
2010-11	40	33798.23	33406
2011-12	40	35320.56	34914
2012-13	40	37073.4	36672
2013-14	40	37728.44	37292
2014-15	40	38320.24	37909
2015-16	40	39067.21	38629
2016-17	40	39669.4	39224
2003-04	41	25863.53	25541
2004-05	41	26888.51	26557
2005-06	41	27792.29	27456
2006-07	41	28668.27	28325
2007-08	41	29577.54	29194
2008-09	41	31673.36	31320
2009-10	41	32861.61	32491
2010-11	41	34558.25	34164
2011-12	41	36126.6	35718
2012-13	41	37862.09	37474
2013-14	41	38577.06	38164
2014-15	41	39161.31	38737
2015-16	41	39933.02	39505
2016-17	41	40556.69	40105
2003-04	42	26491.27	26181
2004-05	42	27551.79	27222
2005-06	42	28432.44	28119
2006-07	42	29358.36	29025
2007-08	42	30354.67	29967
2008-09	42	32393.48	32034
2009-10	42	33624.1	33264
2010-11	42	35309.94	34952
2011-12	42	36900.43	36522
2012-13	42	38660.62	38255
2013-14	42	39404.07	38983
2014-15	42	39987.71	39564
2015-16	42	40803.7	40366
2016-17	42	41460.84	41011
2003-04	43	27073.92	26786
2004-05	43	28163.58	27861
2005-06	43	29093.21	28766
2006-07	43	30025	29704
2007-08	43	31097.78	30734
2008-09	43	33104.27	32760
2009-10	43	34368.76	33992
2010-11	43	36083.39	35684
2011-12	43	37667.59	37276
2012-13	43	39451.72	39056
2013-14	43	40230.91	39818
2014-15	43	40855.41	40405
2015-16	43	41697.91	41250
2016-17	43	42366.47	41912
2003-04	44	27675.86	27377
2004-05	44	28798.32	28478
2005-06	44	29735.66	29408
2006-07	44	30704.15	30357
2007-08	44	31790.4	31460
2008-09	44	33833.23	33448
2009-10	44	35110.61	34732
2010-11	44	36857.57	36478
2011-12	44	38457.48	38062
2012-13	44	40242.87	39855
2013-14	44	41045.66	40641
2014-15	44	41730.43	41286
2015-16	44	42552.45	42122
2016-17	44	43257.46	42812
2003-04	45	28264.45	27969
2004-05	45	29431.3	29120
2005-06	45	30376.57	30052
2006-07	45	31391.46	31042
2007-08	45	32474.92	32107
2008-09	45	34578.75	34222
2009-10	45	35872.22	35496
2010-11	45	37602.56	37248
2011-12	45	39258.05	38858
2012-13	45	41051.26	40643
2013-14	45	41867.15	41440
2014-15	45	42600.77	42165
2015-16	45	43408.84	42990
2016-17	45	44143.16	43703
2003-04	46	28855.76	28548
2004-05	46	30058.89	29732
2005-06	46	31045.91	30706
2006-07	46	32054.81	31730
2007-08	46	33159.02	32826
2008-09	46	35307.55	34946
2009-10	46	36599.85	36247
2010-11	46	38361.76	37994
2011-12	46	40033.15	39639
2012-13	46	41846.47	41449
2013-14	46	42675.88	42274
2014-15	46	43444.63	43024
2015-16	46	44262.53	43825
2016-17	46	45056.78	44597
2003-04	47	29470.17	29179
2004-05	47	30697.92	30387
2005-06	47	31706.7	31382
2006-07	47	32675.48	32362
2007-08	47	33870.97	33509
2008-09	47	36018.61	35668
2009-10	47	37309.33	36941
2010-11	47	39148.09	38737
2011-12	47	40832.11	40434
2012-13	47	42639.36	42250
2013-14	47	43507.55	43083
2014-15	47	44308.93	43874
2015-16	47	45112.75	44698
2016-17	47	45968.92	45513
2003-04	48	30052.77	29753
2004-05	48	31313.52	31008
2005-06	48	32334.08	32008
2006-07	48	33325.63	32999
2007-08	48	34577.59	34228
2008-09	48	36712.01	36371
2009-10	48	38049	37698
2010-11	48	39912.97	39543
2011-12	48	41618.2	41229
2012-13	48	43464.45	43050
2013-14	48	44338.62	43920
2014-15	48	45160.16	44722
2015-16	48	45986.91	45532
2016-17	48	46863.68	46418
2003-04	49	30630.12	30338
2004-05	49	31924.28	31635
2005-06	49	32976.47	32653
2006-07	49	33975.37	33664
2007-08	49	35275.76	34927
2008-09	49	37414.07	37081
2009-10	49	38774.96	38423
2010-11	49	40641.8	40278
2011-12	49	42422.92	42023
2012-13	49	44311.5	43877
2013-14	49	45165.99	44748
2014-15	49	46024.62	45602
2015-16	49	46855.18	46411
2016-17	49	47764.34	47304
2003-04	50	31222.39	30914
2004-05	50	32531.3	32234
2005-06	50	33608.44	33294
2006-07	50	34624.4	34305
2007-08	50	35962.34	35624
2008-09	50	38096.33	37762
2009-10	50	39543.15	39138
2010-11	50	41395.77	41018
2011-12	50	43225.89	42839
2012-13	50	45153.5	44739
2013-14	50	46014.57	45585
2014-15	50	46879.69	46440
2015-16	50	47751.35	47304
2016-17	50	48701.86	48224
2003-04	51	31816.23	31523
2004-05	51	33133.36	32841
2005-06	51	34259.87	33923
2006-07	51	35289.39	34958
2007-08	51	36642.19	36302
2008-09	51	38799.52	38442
2009-10	51	40335.47	39961
2010-11	51	42162.63	41782
2011-12	51	44029.71	43612
2012-13	51	45992.89	45576
2013-14	51	46850.87	46428
2014-15	51	47765.29	47330
2015-16	51	48655.99	48209
2016-17	51	49618.86	49161
2003-04	52	32391.33	32112
2004-05	52	33710.38	33430
2005-06	52	34906.06	34595
2006-07	52	35936.8	35612
2007-08	52	37373.39	36999
2008-09	52	39510.9	39156
2009-10	52	41085.12	40698
2010-11	52	42934.32	42538
2011-12	52	44873.6	44439
2012-13	52	46832.57	46413
2013-14	52	47720.14	47282
2014-15	52	48629.36	48200
2015-16	52	49556.34	49110
2016-17	52	50561.19	50091
2003-04	53	32972.4	32686
2004-05	53	34298.57	33990
2005-06	53	35581.51	35221
2006-07	53	36582.34	36257
2007-08	53	38100.72	37733
2008-09	53	40260.92	39881
2009-10	53	41874.82	41465
2010-11	53	43713.8	43314
2011-12	53	45696.18	45288
2012-13	53	47685.19	47257
2013-14	53	48593.33	48162
2014-15	53	49500.69	49054
2015-16	53	50483.33	50008
2016-17	53	51493	51025
2003-04	54	33549.82	33246
2004-05	54	34939.15	34622
2005-06	54	36260.94	35934
2006-07	54	37235.65	36910
2007-08	54	38809.71	38452
2008-09	54	41004.93	40637
2009-10	54	42681.03	42271
2010-11	54	44530.55	44131
2011-12	54	46536.5	46116
2012-13	54	48573.95	48128
2013-14	54	49471.22	49032
2014-15	54	50407.96	49966
2015-16	54	51431.84	50959
2016-17	54	52418.55	51947
2003-04	55	34140.87	33853
2004-05	55	35559.64	35240
2005-06	55	36897.18	36587
2006-07	55	37923.36	37581
2007-08	55	39526.23	39172
2008-09	55	41737.07	41366
2009-10	55	43449.05	43067
2010-11	55	45365.31	44968
2011-12	55	47378.73	46956
2012-13	55	49443.21	49002
2013-14	55	50341.17	49888
2014-15	55	51325.74	50862
2015-16	55	52382.59	51908
2016-17	55	53366.74	52889
2003-04	56	34730.76	34437
2004-05	56	36193.86	35878
2005-06	56	37532.45	37219
2006-07	56	38619.41	38257
2007-08	56	40311.46	39918
2008-09	56	42498.29	42107
2009-10	56	44246.6	43842
2010-11	56	46155.26	45760
2011-12	56	48225.68	47802
2012-13	56	50360.13	49878
2013-14	56	51263.57	50798
2014-15	56	52258.63	51792
2015-16	56	53361.93	52871
2016-17	56	54330.65	53850
2003-04	57	35342.3	35027
2004-05	57	36837.75	36516
2005-06	57	38176.51	37846
2006-07	57	39313.17	38988
2007-08	57	41070.53	40701
2008-09	57	43250.77	42877
2009-10	57	45055.55	44664
2010-11	57	46955.39	46555
2011-12	57	49105.23	48653
2012-13	57	51306.43	50835
2013-14	57	52213.87	51726
2014-15	57	53203.48	52730
2015-16	57	54380.56	53870
2016-17	57	55294.35	54804
2003-04	58	35947.19	35650
2004-05	58	37456.9	37156
2005-06	58	38844.63	38498
2006-07	58	40018.5	39653
2007-08	58	41807.43	41435
2008-09	58	44035.16	43634
2009-10	58	45859	45444
2010-11	58	47781.49	47355
2011-12	58	50012.06	49553
2012-13	58	52236.32	51768
2013-14	58	53178.53	52682
2014-15	58	54170.48	53689
2015-16	58	55384.94	54889
2016-17	58	56265.84	55774
2003-04	59	36549.49	36249
2004-05	59	38097.78	37774
2005-06	59	39501.06	39175
2006-07	59	40729.88	40377
2007-08	59	42572.88	42180
2008-09	59	44817.32	44439
2009-10	59	46685.28	46277
2010-11	59	48654.14	48202
2011-12	59	50899.52	50458
2012-13	59	53188.59	52710
2013-14	59	54127.98	53658
2014-15	59	55121.32	54633
2015-16	59	56396.71	55875
2016-17	59	57264.91	56770
2003-04	60	37176.08	36872
2004-05	60	38759.23	38424
2005-06	60	40177.69	39834
2006-07	60	41487.2	41099
2007-08	60	43334.4	42938
2008-09	60	45609.06	45196
2009-10	60	47508.99	47094
2010-11	60	49525.38	49106
2011-12	60	51852.29	51363
2012-13	60	54164.55	53668
2013-14	60	55080.71	54601
2014-15	60	56111.71	55619
2015-16	60	57423.41	56909
2016-17	60	58280.24	57757
2003-04	61	37806.45	37487
2004-05	61	39401.88	39105
2005-06	61	40865.55	40516
2006-07	61	42190.41	41848
2007-08	61	44089.75	43724
2008-09	61	46419.79	46019
2009-10	61	48328.91	47923
2010-11	61	50429.91	49942
2011-12	61	52808.93	52336
2012-13	61	55122.13	54657
2013-14	61	56055.9	55561
2014-15	61	57133.71	56623
2015-16	61	58480.92	57938
2016-17	61	59348.48	58826
2003-04	62	38440.29	38115
2004-05	62	40064.34	39715
2005-06	62	41571.77	41222
2006-07	62	42908.71	42545
2007-08	62	44831.24	44448
2008-09	62	47262.52	46848
2009-10	62	49169.78	48740
2010-11	62	51376.17	50924
2011-12	62	53759.88	53286
2012-13	62	56101.95	55596
2013-14	62	57092.62	56556
2014-15	62	58179.89	57650
2015-16	62	59556.63	59012
2016-17	62	60395.81	59874
2003-04	63	39080.96	38763
2004-05	63	40759.33	40420
2005-06	63	42285.03	41939
2006-07	63	43680.23	43275
2007-08	63	45602.68	45207
2008-09	63	48077.06	47667
2009-10	63	50046.6	49614
2010-11	63	52329.74	51841
2011-12	63	54717.56	54238
2012-13	63	57120.46	56609
2013-14	63	58173.98	57618
2014-15	63	59248.11	58688
2015-16	63	60695.97	60114
2016-17	63	61510.81	60937
2003-04	64	39726.31	39394
2004-05	64	41464.87	41105
2005-06	64	43003.3	42638
2006-07	64	44434.05	44074
2007-08	64	46410.43	46007
2008-09	64	48950.38	48516
2009-10	64	50920.63	50484
2010-11	64	53275.74	52801
2011-12	64	55698.13	55200
2012-13	64	58176.45	57646
2013-14	64	59290.18	58717
2014-15	64	60366.21	59799
2015-16	64	61834.19	61250
2016-17	64	62653.66	62090
2003-04	65	40380.79	40065
2004-05	65	42200.99	41847
2005-06	65	43735.57	43358
2006-07	65	45205.05	44813
2007-08	65	47267.18	46835
2008-09	65	49836.7	49377
2009-10	65	51832	51367
2010-11	65	54219.12	53731
2011-12	65	56693.12	56192
2012-13	65	59321.36	58725
2013-14	65	60413.72	59852
2014-15	65	61518.79	60932
2015-16	65	62979.21	62402
2016-17	65	63785.34	63225
2003-04	66	41071.96	40713
2004-05	66	42903.82	42539
2005-06	66	44486	44111
2006-07	66	46010.2	45615
2007-08	66	48140.57	47692
2008-09	66	50737.59	50309
2009-10	66	52785.16	52294
2010-11	66	55224.05	54704
2011-12	66	57740.93	57204
2012-13	66	60435.78	59894
2013-14	66	61580.06	60992
2014-15	66	62703.25	62090
2015-16	66	64143.2	63540
2016-17	66	64942.38	64363
2003-04	67	41777.21	41424
2004-05	67	43653.35	43274
2005-06	67	45263.47	44873
2006-07	67	46832.59	46433
2007-08	67	49018.79	48572
2008-09	67	51697.02	51217
2009-10	67	53758.92	53274
2010-11	67	56219.86	55717
2011-12	67	58842.45	58297
2012-13	67	61589.21	61017
2013-14	67	62783.3	62186
2014-15	67	63882.53	63297
2015-16	67	65332.63	64760
2016-17	67	66154.34	65544
2003-04	68	42511.73	42156
2004-05	68	44415.75	44021
2005-06	68	46091.73	45667
2006-07	68	47635.8	47246
2007-08	68	49897.77	49451
2008-09	68	52632.8	52164
2009-10	68	54718.42	54248
2010-11	68	57287.13	56738
2011-12	68	59923.34	59387
2012-13	68	62815.69	62187
2013-14	68	63970.77	63375
2014-15	68	65080.55	64470
2015-16	68	66516.04	65917
2016-17	68	67471.74	66801
2003-04	69	43255.27	42864
2004-05	69	45215.75	44800
2005-06	69	46893.8	46505
2006-07	69	48469.67	48040
2007-08	69	50784.13	50338
2008-09	69	53601.46	53112
2009-10	69	55691.92	55194
2010-11	69	58385.72	57823
2011-12	69	61057.41	60490
2012-13	69	64009.15	63418
2013-14	69	65186.1	64574
2014-15	69	66341.14	65701
2015-16	69	67811.59	67145
2016-17	69	68779.23	68138
2003-04	70	44003.39	43618
2004-05	70	46030.18	45630
2005-06	70	47689.35	47294
2006-07	70	49380.23	48932
2007-08	70	51715.17	51249
2008-09	70	54581.21	54087
2009-10	70	56713.93	56193
2010-11	70	59597.07	58997
2011-12	70	62239.59	61641
2012-13	70	65252.87	64622
2013-14	70	66438.84	65779
2014-15	70	67627.86	66983
2015-16	70	69122.31	68470
2016-17	70	70069.42	69411
2003-04	71	44750.51	44405
2004-05	71	46852.26	46426
2005-06	71	48560.54	48098
2006-07	71	50280.22	49831
2007-08	71	52648.92	52197
2008-09	71	55598.2	55082
2009-10	71	57780.5	57240
2010-11	71	60756.78	60162
2011-12	71	63403.35	62818
2012-13	71	66510.15	65882
2013-14	71	67762.99	67103
2014-15	71	68957.54	68301
2015-16	71	70462.26	69775
2016-17	71	71417.24	70735
2003-04	72	45481.07	45109
2004-05	72	47662.32	47279
2005-06	72	49435.23	49016
2006-07	72	51221.45	50740
2007-08	72	53618.23	53122
2008-09	72	56631.49	56114
2009-10	72	58889.41	58336
2010-11	72	61925.45	61337
2011-12	72	64618.86	63996
2012-13	72	67799.45	67141
2013-14	72	69052.14	68403
2014-15	72	70312.38	69627
2015-16	72	71854.86	71138
2016-17	72	72786.06	72094
2003-04	73	46264.89	45845
2004-05	73	48499.51	48067
2005-06	73	50329.83	49890
2006-07	73	52210.78	51700
2007-08	73	54612.19	54113
2008-09	73	57746.64	57148
2009-10	73	60017.16	59455
2010-11	73	63100.7	62540
2011-12	73	65856.76	65239
2012-13	73	69151.4	68487
2013-14	73	70430.3	69736
2014-15	73	71675.3	70984
2015-16	73	73230.48	72554
2016-17	73	74154.25	73468
2003-04	74	47134.89	46717
2004-05	74	49383.79	48944
2005-06	74	51247.77	50759
2006-07	74	53194.52	52703
2007-08	74	55621.95	55133
2008-09	74	58866.65	58302
2009-10	74	61218.36	60589
2010-11	74	64315.77	63673
2011-12	74	67192.57	66521
2012-13	74	70504.9	69834
2013-14	74	71819.52	71119
2014-15	74	73063.79	72366
2015-16	74	74643.9	73920
2016-17	74	75615.74	74856
2003-04	75	47984.13	47560
2004-05	75	50298.61	49847
2005-06	75	52203.01	51735
2006-07	75	54173.76	53652
2007-08	75	56685.88	56133
2008-09	75	60018.42	59462
2009-10	75	62494.62	61832
2010-11	75	65606.59	64951
2011-12	75	68543.93	67857
2012-13	75	71910.49	71189
2013-14	75	73229.89	72511
2014-15	75	74512	73780
2015-16	75	76124.41	75370
2016-17	75	77168.14	76399
2003-04	76	48844.42	48413
2004-05	76	51240.3	50767
2005-06	76	53176.59	52666
2006-07	76	55206.77	54661
2007-08	76	57840.68	57305
2008-09	76	61226.44	60599
2009-10	76	63707.25	63094
2010-11	76	66844.94	66246
2011-12	76	69907.36	69227
2012-13	76	73343.52	72599
2013-14	76	74646.02	73930
2014-15	76	76024.48	75249
2015-16	76	77671.15	76899
2016-17	76	78710.84	77946
2003-04	77	49742.72	49280
2004-05	77	52242.69	51722
2005-06	77	54241.52	53720
2006-07	77	56249.6	55732
2007-08	77	59003.97	58431
2008-09	77	62465.91	61853
2009-10	77	64925.29	64309
2010-11	77	68212	67482
2011-12	77	71317.17	70607
2012-13	77	74817.26	74080
2013-14	77	76131.72	75383
2014-15	77	77581.51	76790
2015-16	77	79321.08	78465
2016-17	77	80337.93	79522
2003-04	78	50707.53	50213
2004-05	78	53198.7	52712
2005-06	78	55307.51	54779
2006-07	78	57374.62	56786
2007-08	78	60216.74	59595
2008-09	78	63746.2	63110
2009-10	78	66251.57	65593
2010-11	78	69658.89	68922
2011-12	78	72816.33	72085
2012-13	78	76331.26	75540
2013-14	78	77685.33	76882
2014-15	78	79182.82	78368
2015-16	78	81034.96	80188
2016-17	78	81984.06	81146
2003-04	79	51643.35	51175
2004-05	79	54171.2	53697
2005-06	79	56387.67	55856
2006-07	79	58588.15	57978
2007-08	79	61467.68	60850
2008-09	79	65026.34	64376
2009-10	79	67572.04	66933
2010-11	79	71081.1	70332
2011-12	79	74345.28	73553
2012-13	79	77915.33	77100
2013-14	79	79356.81	78497
2014-15	79	80883.86	79993
2015-16	79	82759.54	81896
2016-17	79	83693.01	82815
2003-04	80	52614.65	52127
2004-05	80	55199.6	54658
2005-06	80	57507.43	56921
2006-07	80	59839.27	59218
2007-08	80	62757.52	62116
2008-09	80	66382.39	65697
2009-10	80	68942.05	68234
2010-11	80	72571.69	71821
2011-12	80	75933.22	75120
2012-13	80	79603.94	78769
2013-14	80	81093.63	80226
2014-15	80	82688.78	81772
2015-16	80	84570.46	83642
2016-17	80	85456.39	84583
2003-04	81	53629.47	53107
2004-05	81	56287.52	55727
2005-06	81	58666.95	58091
2006-07	81	61070.14	60419
2007-08	81	64051.79	63394
2008-09	81	67787.01	67095
2009-10	81	70445.14	69665
2010-11	81	74082.42	73301
2011-12	81	77588.24	76735
2012-13	81	81387.21	80498
2013-14	81	82880.29	81984
2014-15	81	84518.15	83608
2015-16	81	86487.88	85522
2016-17	81	87344.05	86358
2003-04	82	54670.42	54181
2004-05	82	57501.31	56852
2005-06	82	59884.87	59254
2006-07	82	62377.03	61728
2007-08	82	65403.08	64741
2008-09	82	69242.91	68475
2009-10	82	71995.54	71213
2010-11	82	75703.92	74898
2011-12	82	79367.34	78469
2012-13	82	83245.73	82291
2013-14	82	84775.64	83820
2014-15	82	86379.18	85432
2015-16	82	88445.73	87456
2016-17	82	89369.3	88322
2003-04	83	55775.49	55181
2004-05	83	58764.4	58141
2005-06	83	61143.87	60516
2006-07	83	63741.52	63066
2007-08	83	66790.88	66090
2008-09	83	70818.65	70053
2009-10	83	73565.05	72766
2010-11	83	77413.03	76555
2011-12	83	81199.18	80283
2012-13	83	85245.98	84239
2013-14	83	86746.76	85780
2014-15	83	88318.28	87309
2015-16	83	90462.59	89444
2016-17	83	91445.62	90425
2003-04	84	56915.86	56369
2004-05	84	60091.36	59413
2005-06	84	62541.97	61818
2006-07	84	65219.17	64450
2007-08	84	68329.35	67547
2008-09	84	72471.96	71639
2009-10	84	75176.66	74364
2010-11	84	79337.24	78398
2011-12	84	83188.2	82132
2012-13	84	87286.19	86280
2013-14	84	88807.66	87724
2014-15	84	90478.6	89377
2015-16	84	92652.14	91548
2016-17	84	93679.84	92554
2003-04	85	58144.44	57520
2004-05	85	61463.36	60784
2005-06	85	64041.87	63281
2006-07	85	66740.55	65942
2007-08	85	69985.41	69114
2008-09	85	74204.22	73280
2009-10	85	76946.88	76040
2010-11	85	81243.96	80270
2011-12	85	85258.11	84227
2012-13	85	89463.44	88351
2013-14	85	91104.64	89949
2014-15	85	92832.75	91633
2015-16	85	95031.36	93822
2016-17	85	96044.14	94831
2003-04	86	59484.52	58806
2004-05	86	62960.05	62181
2005-06	86	65576.94	64800
2006-07	86	68432.5	67547
2007-08	86	71748.99	70886
2008-09	86	76016.82	75092
2009-10	86	78863.5	77899
2010-11	86	83337.88	82259
2011-12	86	87408.12	86298
2012-13	86	91875.96	90648
2013-14	86	93545.34	92299
2014-15	86	95308.89	94020
2015-16	86	97575.59	96252
2016-17	86	98594.35	97304
2003-04	87	60994.99	60186
2004-05	87	64481.91	63719
2005-06	87	67141.48	66365
2006-07	87	70193.76	69325
2007-08	87	73623.34	72641
2008-09	87	78002.23	76966
2009-10	87	80966.02	79867
2010-11	87	85567.81	84400
2011-12	87	89782.17	88564
2012-13	87	94388.33	93120
2013-14	87	96168.34	94826
2014-15	87	98028.02	96651
2015-16	87	100370.02	98949
2016-17	87	101397.68	99964
2003-04	88	62574.67	61780
2004-05	88	66086.39	65227
2005-06	88	68909.46	67968
2006-07	88	72105.11	71085
2007-08	88	75653.83	74618
2008-09	88	80095.95	79052
2009-10	88	83263.53	82053
2010-11	88	87898.32	86718
2011-12	88	92375.43	91051
2012-13	88	97161.35	95737
2013-14	88	99035	97517
2014-15	88	100948.06	99437
2015-16	88	103324.86	101852
2016-17	88	104304.27	102802
2003-04	89	64197.89	63404
2004-05	89	67901.49	66918
2005-06	89	70893.81	69832
2006-07	89	74113.32	73119
2007-08	89	77813.98	76705
2008-09	89	82454.17	81213
2009-10	89	85684.4	84509
2010-11	89	90467.66	89101
2011-12	89	95272.99	93752
2012-13	89	100274.15	98640
2013-14	89	102297.74	100636
2014-15	89	104263.76	102505
2015-16	89	106601.15	104890
2016-17	89	107398.31	105841
2003-04	90	65971.86	65058
2004-05	90	69827.3	68830
2005-06	90	73095.01	72009
2006-07	90	76265.8	75176
2007-08	90	80104.71	78927
2008-09	90	84992.03	83719
2009-10	90	88278.63	86924
2010-11	90	93405.67	91872
2011-12	90	98521.1	96847
2012-13	90	103836.22	101927
2013-14	90	105910.37	104059
2014-15	90	107952.41	106006
2015-16	90	110148.42	108324
2016-17	90	110944.61	109041
2003-04	91	68019.54	66932
2004-05	91	72121.37	70915
2005-06	91	75487.54	74241
2006-07	91	78685.89	77427
2007-08	91	82586.56	81276
2008-09	91	87886.72	86317
2009-10	91	91105.13	89683
2010-11	91	96846.01	95051
2011-12	91	102176.64	100249
2012-13	91	107869.32	105776
2013-14	91	109989.16	107846
2014-15	91	112106.21	109916
2015-16	91	114160.42	112034
2016-17	91	115048.7	112883
2003-04	92	70414.1	69185
2004-05	92	74653.98	73380
2005-06	92	78122.74	76765
2006-07	92	81400.69	80046
2007-08	92	85632.68	84027
2008-09	92	91418.48	89578
2009-10	92	94525.19	92670
2010-11	92	100771.46	98705
2011-12	92	106344.49	104170
2012-13	92	112344.09	109981
2013-14	92	114692.91	112270
2014-15	92	116695.26	114333
2015-16	92	118796.36	116360
2016-17	92	119611.4	117241
2003-04	93	73161.64	71704
2004-05	93	77590.69	76058
2005-06	93	81229.17	79688
2006-07	93	84703.25	82973
2007-08	93	89271.95	87327
2008-09	93	95367.77	93284
2009-10	93	98496.3	96354
2010-11	93	105283.46	102900
2011-12	93	111177.68	108686
2012-13	93	117574.48	114886
2013-14	93	120077.61	117286
2014-15	93	122130.8	119228
2015-16	93	124229.45	121421
2016-17	93	124828.35	122107
2003-04	94	76373.62	74700
2004-05	94	81073.57	79207
2005-06	94	84775.06	82896
2006-07	94	88595.82	86538
2007-08	94	93627.08	91285
2008-09	94	100052.85	97721
2009-10	94	103243.28	100658
2010-11	94	110635.12	107705
2011-12	94	117038.55	113894
2012-13	94	124042.61	120452
2013-14	94	126408.02	123128
2014-15	94	128546.02	125200
2015-16	94	130730.84	127330
2016-17	94	131048.11	127776
2003-04	95	80591.9	78293
2004-05	95	85528.03	83165
2005-06	95	89211.87	86833
2006-07	95	93448.15	90885
2007-08	95	98916.84	96088
2008-09	95	105465.9	102607
2009-10	95	109102.68	105997
2010-11	95	117502.78	113843
2011-12	95	124134.89	120397
2012-13	95	131519.53	127632
2013-14	95	134103.34	129970
2014-15	95	136134.89	132116
2015-16	95	138570.09	134378
2016-17	95	138579.24	134626
2003-04	96	85895.03	83065
2004-05	96	90961.52	87966
2005-06	96	95032.36	91800
2006-07	96	99750.13	96302
2007-08	96	105880.52	102088
2008-09	96	112438.82	108560
2009-10	96	116560.72	112418
2010-11	96	125799.11	121244
2011-12	96	132934.74	128166
2012-13	96	140725.25	135649
2013-14	96	143475.88	138399
2014-15	96	145577.18	140430
2015-16	96	148061.9	142966
2016-17	96	148176.62	142703
2003-04	97	92706.52	89130
2004-05	97	98352.48	94128
2005-06	97	102994.56	98475
2006-07	97	108015.16	103442
2007-08	97	114860.45	109958
2008-09	97	122244.48	116803
2009-10	97	126360.48	120933
2010-11	97	136286.24	130684
2011-12	97	144667.79	138199
2012-13	97	153205.21	146452
2013-14	97	155705.94	148910
2014-15	97	158744.67	151481
2015-16	97	160769.1	153666
2016-17	97	160911.2	153980
2003-04	98	103026.5	96826
2004-05	98	109806.12	103550
2005-06	98	115569.88	108323
2006-07	98	120538.54	113156
2007-08	98	128047.68	120441
2008-09	98	135876.21	128153
2009-10	98	140619.13	132529
2010-11	98	152103.1	142539
2011-12	98	161346.66	151961
2012-13	98	171255.21	160811
2013-14	98	173645.24	163431
2014-15	98	177400.76	166679
2015-16	98	179233.19	168647
2016-17	98	179520.53	168857
2003-04	99	122126.93	110417
2004-05	99	129764.23	117271
2005-06	99	137755.96	124423
2006-07	99	142919.62	129563
2007-08	99	152284.91	136730
2008-09	99	161421.81	145108
2009-10	99	168693.61	151126
2010-11	99	181474.87	163710
2011-12	99	193033.2	173273
2012-13	99	203492.43	183737
2013-14	99	205130.29	186129
2014-15	99	209998.19	189958
2015-16	99	212885.37	192024
2016-17	99	215631.77	192895
2003-04	100	226872.91	138537
2004-05	100	240316.58	148526
2005-06	100	260420.36	157125
2006-07	100	272048	162107
2007-08	100	250358	250358
2008-09	100	255125	255125
2009-10	100	269120	269120
2010-11	100	281875	281875
2011-12	100	344473.8	219231
2012-13	100	366996.61	230014
2013-14	100	366507.77	232922
2014-15	100	389892.52	312413
2015-16	100	387422.37	315322
2016-17	100	385088.68	321674
